customer_segment,action,feature,baseline_profit,scenario_profit,delta_profit,delta_profit_pct,baseline_revenue,scenario_revenue,delta_revenue,baseline_cost,scenario_cost,delta_cost
At Risk / Churn,giảm cogs 5% trong vùng p95 của segment,cogs,-1243.6493889160877,-265.0295779382129,978.6198109778747,78.68936532271354,19391.850729661644,19391.850729661644,0.0,20635.50011857773,19656.880307599855,-978.6198109778743
Bargain Hunters,giảm cogs 5% trong vùng p95 của segment,cogs,822.8483769231202,1087.5364059647168,264.68802904159656,32.16729065339418,10752.21503336781,10752.21503336781,0.0,9929.36665644469,9664.678627403093,-264.6880290415975
Champions,giảm cogs 5% trong vùng p95 của segment,cogs,111.52308398345511,934.1133984537005,822.5903144702454,737.5964554497793,19753.83006158757,19753.83006158757,0.0,19642.306977604116,18819.71666313387,-822.5903144702461
Hibernating / Low Engagement,giảm cogs 5% trong vùng p95 của segment,cogs,3189.1704228845,4351.218344382906,1162.0479214984061,36.437310253472496,20640.44697833495,20640.44697833495,0.0,17451.276555450448,16289.228633952041,-1162.0479214984061
Loyal Customers,set stockout_flag = 0,stockout_flag,2710.269097805567,4654.038625442975,1943.769527637408,71.71869129937048,22570.103852670873,24513.873380308283,1943.7695276374106,19859.834754865304,19859.834754865304,0.0
